BEGIN TRANSACTION;
CREATE TABLE IF NOT EXISTS "customers" (
	"customer_id"	INTEGER,
	"customer_name"	TEXT,
	"customer_type"	TEXT,
	"region"	TEXT,
	"salesperson"	TEXT,
	PRIMARY KEY("customer_id")
);
CREATE TABLE IF NOT EXISTS "products" (
	"sku"	TEXT,
	"category"	TEXT,
	"name"	TEXT,
	"cost_price"	REAL,
	"selling_price"	REAL,
	"margin"	REAL,
	PRIMARY KEY("sku")
);
CREATE TABLE IF NOT EXISTS "sales_orders" (
	"order_id"	INTEGER,
	"order_date"	TEXT,
	"customer_id"	INTEGER,
	"sku"	TEXT,
	"quantity"	INTEGER,
	"unit_price"	REAL,
	"total_amount"	REAL,
	"salesperson"	TEXT,
	PRIMARY KEY("order_id"),
	FOREIGN KEY("customer_id") REFERENCES "customers"("customer_id"),
	FOREIGN KEY("sku") REFERENCES "products"("sku")
);
INSERT INTO "customers" VALUES (1,'Alpha Builders','Main Contractor','North','Alvin');
INSERT INTO "customers" VALUES (2,'Beta Construction','Construction','South','Alvin');
INSERT INTO "customers" VALUES (3,'Gamma Engineering','Engineering','East','Alvin');
INSERT INTO "customers" VALUES (4,'Delta Constructions','Construction','West','Alvin');
INSERT INTO "customers" VALUES (5,'Epsilon Engineering','Engineering','North','Alvin');
INSERT INTO "customers" VALUES (6,'Zeta Contractors','Main Contractor','South','Alvin');
INSERT INTO "customers" VALUES (7,'Eta Trading Co.','Trading','East','Zi Yong');
INSERT INTO "customers" VALUES (8,'Theta Marine Ltd','Marine','West','Zi Yong');
INSERT INTO "customers" VALUES (9,'Iota Trading','Trading','North','Zi Yong');
INSERT INTO "customers" VALUES (10,'Kappa Marine','Marine','South','Zi Yong');
INSERT INTO "customers" VALUES (11,'Lambda Construction','Construction','East','Alvin');
INSERT INTO "customers" VALUES (12,'Mu Engineering','Engineering','West','Alvin');
INSERT INTO "customers" VALUES (13,'Nu Contractors','Main Contractor','North','Alvin');
INSERT INTO "customers" VALUES (14,'Xi Trading','Trading','South','Zi Yong');
INSERT INTO "customers" VALUES (15,'Omicron Marine','Marine','East','Zi Yong');
INSERT INTO "customers" VALUES (16,'Pi Hawkers','Hawkers & Restaurant','North','Sam');
INSERT INTO "customers" VALUES (17,'Rho Restaurant','Hawkers & Restaurant','South','Sam');
INSERT INTO "customers" VALUES (18,'Sigma E-Com','E-Comm','East','Sam');
INSERT INTO "customers" VALUES (19,'Tau Walk-In','Walk-In / Others','West','Sam');
INSERT INTO "customers" VALUES (20,'Upsilon E-Com','E-Comm','North','Sam');
INSERT INTO "customers" VALUES (21,'Phi Hawkers','Hawkers & Restaurant','East','Sam');
INSERT INTO "customers" VALUES (22,'Chi Walk-In','Walk-In / Others','South','Sam');
INSERT INTO "customers" VALUES (23,'Psi Trading','Trading','West','Zi Yong');
INSERT INTO "customers" VALUES (24,'Omega Marine','Marine','North','Zi Yong');
INSERT INTO "customers" VALUES (25,'Alpha E-Com','E-Comm','South','Sam');
INSERT INTO "customers" VALUES (26,'Beta Walk-In','Walk-In / Others','East','Sam');
INSERT INTO "customers" VALUES (27,'Gamma Hawkers','Hawkers & Restaurant','West','Sam');
INSERT INTO "customers" VALUES (28,'Delta E-Com','E-Comm','North','Sam');
INSERT INTO "customers" VALUES (29,'Epsilon Walk-In','Walk-In / Others','South','Sam');
INSERT INTO "customers" VALUES (30,'Zeta Hawkers','Hawkers & Restaurant','East','Sam');
INSERT INTO "products" VALUES ('packaging-cartonbox-12x12','Packaging','Carton Box 12x12',1.2,1.35,0.125);
INSERT INTO "products" VALUES ('packaging-cartonbox-18x18','Packaging','Carton Box 18x18',1.8,2.05,0.139);
INSERT INTO "products" VALUES ('packaging-cartonbox-24x24','Packaging','Carton Box 24x24',2.6,2.95,0.135);
INSERT INTO "products" VALUES ('packaging-bubblewrap-1m','Packaging','Bubble Wrap 1m',0.9,1.02,0.133);
INSERT INTO "products" VALUES ('packaging-stretchfilm-3kg','Packaging','Stretch Film 3kg',8.5,9.55,0.124);
INSERT INTO "products" VALUES ('packaging-stretchfilm-5kg','Packaging','Stretch Film 5kg',12.0,13.5,0.125);
INSERT INTO "products" VALUES ('packaging-opptape-48mm','Packaging','OPP Tape 48mm',0.65,0.73,0.123);
INSERT INTO "products" VALUES ('packaging-opptape-60mm','Packaging','OPP Tape 60mm',0.8,0.92,0.15);
INSERT INTO "products" VALUES ('packaging-nylonrope-6mm','Packaging','Nylon Rope 6mm',3.5,3.95,0.129);
INSERT INTO "products" VALUES ('packaging-nylonrope-10mm','Packaging','Nylon Rope 10mm',5.5,6.25,0.136);
INSERT INTO "products" VALUES ('consumables-garbagebag-S','Consumables','Garbage Bag S',0.8,0.89,0.112);
INSERT INTO "products" VALUES ('consumables-garbagebag-M','Consumables','Garbage Bag M',1.2,1.34,0.117);
INSERT INTO "products" VALUES ('consumables-garbagebag-L','Consumables','Garbage Bag L',1.6,1.78,0.112);
INSERT INTO "products" VALUES ('consumables-garbagebag-XL','Consumables','Garbage Bag XL',2.0,2.23,0.115);
INSERT INTO "products" VALUES ('consumables-cabletie-200mm','Consumables','Cable Tie 200mm',0.012,0.013,0.083);
INSERT INTO "products" VALUES ('consumables-cabletie-300mm','Consumables','Cable Tie 300mm',0.018,0.02,0.111);
INSERT INTO "products" VALUES ('consumables-cuttingwheel-4inch','Consumables','Cutting Wheel 4 inch',0.9,1.0,0.111);
INSERT INTO "products" VALUES ('consumables-sandpaper-1000grit','Consumables','Sandpaper 1000 grit',0.5,0.56,0.12);
INSERT INTO "products" VALUES ('consumables-maskingTape-24mm','Consumables','Masking Tape 24mm',0.7,0.77,0.1);
INSERT INTO "products" VALUES ('consumables-maskingTape-48mm','Consumables','Masking Tape 48mm',1.1,1.23,0.118);
INSERT INTO "products" VALUES ('ppe-safetyglove-nitrile-M','PPE','Nitrile Glove M',2.0,2.7,0.35);
INSERT INTO "products" VALUES ('ppe-safetyglove-nitrile-L','PPE','Nitrile Glove L',2.1,2.85,0.357);
INSERT INTO "products" VALUES ('ppe-safetyglove-latex-L','PPE','Latex Glove L',1.2,1.62,0.35);
INSERT INTO "products" VALUES ('ppe-safetyhelmet-yellow','PPE','Safety Helmet Yellow',6.0,8.4,0.4);
INSERT INTO "products" VALUES ('ppe-safetyhelmet-white','PPE','Safety Helmet White',6.0,8.2,0.366);
INSERT INTO "products" VALUES ('ppe-safetygoggles-standard','PPE','Safety Goggles',3.0,4.2,0.4);
INSERT INTO "products" VALUES ('ppe-safetyvest-reflective','PPE','Reflective Safety Vest',4.5,6.3,0.4);
INSERT INTO "products" VALUES ('ppe-earplug-foam','PPE','Foam Earplug',0.2,0.28,0.4);
INSERT INTO "products" VALUES ('ppe-safetymask-kn95','PPE','KN95 Mask',0.5,0.7,0.4);
INSERT INTO "products" VALUES ('ppe-safetymask-disposable','PPE','Disposable Mask',0.1,0.14,0.4);
INSERT INTO "products" VALUES ('hardware-screw-6mm','Hardware','Screw 6mm',0.05,0.15,2.0);
INSERT INTO "products" VALUES ('hardware-screw-10mm','Hardware','Screw 10mm',0.08,0.2,1.5);
INSERT INTO "products" VALUES ('hardware-drillbit-6mm','Hardware','Drill Bit 6mm',1.2,3.0,1.5);
INSERT INTO "products" VALUES ('hardware-drillbit-10mm','Hardware','Drill Bit 10mm',1.8,4.5,1.5);
INSERT INTO "products" VALUES ('hardware-lbracket-2inch','Hardware','L Bracket 2inch',0.5,1.25,1.5);
INSERT INTO "products" VALUES ('hardware-lbracket-4inch','Hardware','L Bracket 4inch',0.8,2.0,1.5);
INSERT INTO "products" VALUES ('hardware-padlock-30mm','Hardware','Padlock 30mm',2.5,5.0,1.0);
INSERT INTO "products" VALUES ('hardware-padlock-40mm','Hardware','Padlock 40mm',3.2,7.0,1.188);
INSERT INTO "products" VALUES ('hardware-measuringTape-3m','Hardware','Measuring Tape 3m',1.5,3.5,1.333);
INSERT INTO "products" VALUES ('hardware-measuringTape-5m','Hardware','Measuring Tape 5m',2.2,5.5,1.5);
INSERT INTO "sales_orders" VALUES (1,'2023-01-02',2,'hardware-screw-6mm',5,0.15,0.75,'Alvin');
INSERT INTO "sales_orders" VALUES (2,'2023-01-03',3,'hardware-drillbit-6mm',3,3.0,9.0,'Alvin');
INSERT INTO "sales_orders" VALUES (3,'2023-01-04',7,'packaging-cartonbox-12x12',20,1.35,27.0,'Zi Yong');
INSERT INTO "sales_orders" VALUES (4,'2023-01-05',1,'hardware-padlock-30mm',25,5.0,125.0,'Alvin');
INSERT INTO "sales_orders" VALUES (5,'2023-01-05',16,'consumables-garbagebag-L',10,1.78,17.8,'Sam');
INSERT INTO "sales_orders" VALUES (6,'2023-01-06',14,'hardware-drillbit-10mm',4,4.5,18.0,'Zi Yong');
INSERT INTO "sales_orders" VALUES (7,'2023-01-09',18,'ppe-safetyglove-nitrile-L',2,2.85,5.7,'Sam');
INSERT INTO "sales_orders" VALUES (8,'2023-01-10',2,'hardware-screw-10mm',8,0.2,1.6,'Alvin');
INSERT INTO "sales_orders" VALUES (9,'2023-01-11',8,'ppe-safetyhelmet-yellow',3,8.4,25.2,'Zi Yong');
INSERT INTO "sales_orders" VALUES (10,'2023-01-12',19,'packaging-opptape-48mm',5,0.73,3.65,'Sam');
INSERT INTO "sales_orders" VALUES (11,'2023-01-13',5,'hardware-lbracket-2inch',10,1.25,12.5,'Alvin');
INSERT INTO "sales_orders" VALUES (12,'2023-01-16',3,'hardware-measuringTape-3m',2,3.5,7.0,'Alvin');
INSERT INTO "sales_orders" VALUES (13,'2023-01-17',22,'consumables-maskingTape-48mm',4,1.23,4.92,'Sam');
INSERT INTO "sales_orders" VALUES (14,'2023-01-18',7,'packaging-stretchfilm-3kg',3,9.55,28.65,'Zi Yong');
INSERT INTO "sales_orders" VALUES (15,'2023-01-19',1,'hardware-drillbit-10mm',12,4.5,54.0,'Alvin');
INSERT INTO "sales_orders" VALUES (16,'2023-01-20',18,'ppe-safetymask-kn95',5,0.7,3.5,'Sam');
INSERT INTO "sales_orders" VALUES (17,'2023-01-23',2,'hardware-screw-6mm',10,0.15,1.5,'Alvin');
INSERT INTO "sales_orders" VALUES (18,'2023-01-24',9,'hardware-lbracket-4inch',5,2.0,10.0,'Zi Yong');
INSERT INTO "sales_orders" VALUES (19,'2023-01-25',16,'consumables-cabletie-200mm',20,0.013,0.26,'Sam');
INSERT INTO "sales_orders" VALUES (20,'2023-01-26',5,'hardware-padlock-40mm',15,7.0,105.0,'Alvin');
INSERT INTO "sales_orders" VALUES (21,'2023-01-27',18,'ppe-safetymask-disposable',10,0.14,1.4,'Sam');
INSERT INTO "sales_orders" VALUES (22,'2023-01-30',3,'hardware-drillbit-6mm',6,3.0,18.0,'Alvin');
INSERT INTO "sales_orders" VALUES (23,'2023-01-31',7,'packaging-cartonbox-18x18',15,2.05,30.75,'Zi Yong');
INSERT INTO "sales_orders" VALUES (24,'2023-01-31',1,'hardware-screw-10mm',12,0.2,2.4,'Alvin');
INSERT INTO "sales_orders" VALUES (25,'2023-01-31',14,'hardware-measuringTape-5m',3,5.5,16.5,'Zi Yong');
INSERT INTO "sales_orders" VALUES (26,'2023-02-01',2,'hardware-screw-6mm',7,0.15,1.05,'Alvin');
INSERT INTO "sales_orders" VALUES (27,'2023-02-01',3,'hardware-drillbit-6mm',4,3.0,12.0,'Alvin');
INSERT INTO "sales_orders" VALUES (28,'2023-02-02',7,'packaging-cartonbox-12x12',18,1.35,24.3,'Zi Yong');
INSERT INTO "sales_orders" VALUES (29,'2023-02-02',1,'hardware-padlock-30mm',20,5.0,100.0,'Alvin');
INSERT INTO "sales_orders" VALUES (30,'2023-02-03',16,'consumables-garbagebag-L',12,1.78,21.36,'Sam');
INSERT INTO "sales_orders" VALUES (31,'2023-02-03',14,'hardware-drillbit-10mm',5,4.5,22.5,'Zi Yong');
INSERT INTO "sales_orders" VALUES (32,'2023-02-06',18,'ppe-safetyglove-nitrile-L',3,2.85,8.55,'Sam');
INSERT INTO "sales_orders" VALUES (33,'2023-02-06',2,'hardware-screw-10mm',9,0.2,1.8,'Alvin');
INSERT INTO "sales_orders" VALUES (34,'2023-02-07',8,'ppe-safetyhelmet-yellow',4,8.4,33.6,'Zi Yong');
INSERT INTO "sales_orders" VALUES (35,'2023-02-07',19,'packaging-opptape-48mm',6,0.73,4.38,'Sam');
INSERT INTO "sales_orders" VALUES (36,'2023-02-08',5,'hardware-lbracket-2inch',11,1.25,13.75,'Alvin');
INSERT INTO "sales_orders" VALUES (37,'2023-02-08',3,'hardware-measuringTape-3m',3,3.5,10.5,'Alvin');
INSERT INTO "sales_orders" VALUES (38,'2023-02-09',22,'consumables-maskingTape-48mm',5,1.23,6.15,'Sam');
INSERT INTO "sales_orders" VALUES (39,'2023-02-09',7,'packaging-stretchfilm-3kg',4,9.55,38.2,'Zi Yong');
INSERT INTO "sales_orders" VALUES (40,'2023-02-10',1,'hardware-drillbit-10mm',10,4.5,45.0,'Alvin');
INSERT INTO "sales_orders" VALUES (41,'2023-02-10',18,'ppe-safetymask-kn95',6,0.7,4.2,'Sam');
INSERT INTO "sales_orders" VALUES (42,'2023-02-13',2,'hardware-screw-6mm',12,0.15,1.8,'Alvin');
INSERT INTO "sales_orders" VALUES (43,'2023-02-13',9,'hardware-lbracket-4inch',6,2.0,12.0,'Zi Yong');
INSERT INTO "sales_orders" VALUES (44,'2023-02-14',16,'consumables-cabletie-200mm',22,0.013,0.286,'Sam');
INSERT INTO "sales_orders" VALUES (45,'2023-02-14',5,'hardware-padlock-40mm',18,7.0,126.0,'Alvin');
INSERT INTO "sales_orders" VALUES (46,'2023-02-15',18,'ppe-safetymask-disposable',12,0.14,1.68,'Sam');
INSERT INTO "sales_orders" VALUES (47,'2023-02-16',3,'hardware-drillbit-6mm',7,3.0,21.0,'Alvin');
INSERT INTO "sales_orders" VALUES (48,'2023-02-16',7,'packaging-cartonbox-18x18',13,2.05,26.65,'Zi Yong');
INSERT INTO "sales_orders" VALUES (49,'2023-02-17',2,'hardware-screw-10mm',11,0.2,2.2,'Alvin');
INSERT INTO "sales_orders" VALUES (50,'2023-02-17',14,'hardware-measuringTape-5m',4,5.5,22.0,'Zi Yong');
INSERT INTO "sales_orders" VALUES (51,'2023-02-20',19,'packaging-nylonrope-10mm',7,6.25,43.75,'Sam');
INSERT INTO "sales_orders" VALUES (52,'2023-03-01',2,'hardware-screw-6mm',6,0.15,0.9,'Alvin');
INSERT INTO "sales_orders" VALUES (53,'2023-03-01',3,'hardware-drillbit-6mm',5,3.0,15.0,'Alvin');
INSERT INTO "sales_orders" VALUES (54,'2023-03-02',7,'packaging-cartonbox-12x12',15,1.35,20.25,'Zi Yong');
INSERT INTO "sales_orders" VALUES (55,'2023-03-02',1,'hardware-padlock-30mm',22,5.0,110.0,'Alvin');
INSERT INTO "sales_orders" VALUES (56,'2023-03-03',16,'consumables-garbagebag-L',14,1.78,24.92,'Sam');
INSERT INTO "sales_orders" VALUES (57,'2023-03-03',14,'hardware-drillbit-10mm',6,4.5,27.0,'Zi Yong');
INSERT INTO "sales_orders" VALUES (58,'2023-03-06',18,'ppe-safetyglove-nitrile-L',4,2.85,11.4,'Sam');
INSERT INTO "sales_orders" VALUES (59,'2023-03-06',2,'hardware-screw-10mm',10,0.2,2.0,'Alvin');
INSERT INTO "sales_orders" VALUES (60,'2023-03-07',8,'ppe-safetyhelmet-yellow',5,8.4,42.0,'Zi Yong');
INSERT INTO "sales_orders" VALUES (61,'2023-03-07',19,'packaging-opptape-48mm',7,0.73,5.11,'Sam');
INSERT INTO "sales_orders" VALUES (62,'2023-03-08',5,'hardware-lbracket-2inch',12,1.25,15.0,'Alvin');
INSERT INTO "sales_orders" VALUES (63,'2023-03-08',3,'hardware-measuringTape-3m',4,3.5,14.0,'Alvin');
INSERT INTO "sales_orders" VALUES (64,'2023-03-09',22,'consumables-maskingTape-48mm',6,1.23,7.38,'Sam');
INSERT INTO "sales_orders" VALUES (65,'2023-03-09',7,'packaging-stretchfilm-3kg',5,9.55,47.75,'Zi Yong');
INSERT INTO "sales_orders" VALUES (66,'2023-03-10',1,'hardware-drillbit-10mm',14,4.5,63.0,'Alvin');
INSERT INTO "sales_orders" VALUES (67,'2023-03-10',18,'ppe-safetymask-kn95',7,0.7,4.9,'Sam');
INSERT INTO "sales_orders" VALUES (68,'2023-03-13',2,'hardware-screw-6mm',11,0.15,1.65,'Alvin');
INSERT INTO "sales_orders" VALUES (69,'2023-03-13',9,'hardware-lbracket-4inch',7,2.0,14.0,'Zi Yong');
INSERT INTO "sales_orders" VALUES (70,'2023-03-14',16,'consumables-cabletie-200mm',23,0.013,0.299,'Sam');
INSERT INTO "sales_orders" VALUES (71,'2023-03-14',5,'hardware-padlock-40mm',20,7.0,140.0,'Alvin');
INSERT INTO "sales_orders" VALUES (72,'2023-03-15',18,'ppe-safetymask-disposable',14,0.14,1.96,'Sam');
INSERT INTO "sales_orders" VALUES (73,'2023-03-16',3,'hardware-drillbit-6mm',8,3.0,24.0,'Alvin');
INSERT INTO "sales_orders" VALUES (74,'2023-03-16',7,'packaging-cartonbox-18x18',14,2.05,28.7,'Zi Yong');
INSERT INTO "sales_orders" VALUES (75,'2023-03-17',2,'hardware-screw-10mm',13,0.2,2.6,'Alvin');
INSERT INTO "sales_orders" VALUES (76,'2023-03-17',14,'hardware-measuringTape-5m',5,5.5,27.5,'Zi Yong');
INSERT INTO "sales_orders" VALUES (77,'2023-03-20',19,'packaging-nylonrope-10mm',8,6.25,50.0,'Sam');
INSERT INTO "sales_orders" VALUES (78,'2023-04-03',2,'hardware-screw-6mm',8,0.15,1.2,'Alvin');
INSERT INTO "sales_orders" VALUES (79,'2023-04-03',3,'hardware-drillbit-6mm',4,3.0,12.0,'Alvin');
INSERT INTO "sales_orders" VALUES (80,'2023-04-04',7,'packaging-cartonbox-12x12',16,1.35,21.6,'Zi Yong');
INSERT INTO "sales_orders" VALUES (81,'2023-04-04',1,'hardware-padlock-30mm',18,5.0,90.0,'Alvin');
INSERT INTO "sales_orders" VALUES (82,'2023-04-05',16,'consumables-garbagebag-L',15,1.78,26.7,'Sam');
INSERT INTO "sales_orders" VALUES (83,'2023-04-05',14,'hardware-drillbit-10mm',5,4.5,22.5,'Zi Yong');
INSERT INTO "sales_orders" VALUES (84,'2023-04-06',18,'ppe-safetyglove-nitrile-L',4,2.85,11.4,'Sam');
INSERT INTO "sales_orders" VALUES (85,'2023-04-06',2,'hardware-screw-10mm',12,0.2,2.4,'Alvin');
INSERT INTO "sales_orders" VALUES (86,'2023-04-07',8,'ppe-safetyhelmet-yellow',3,8.4,25.2,'Zi Yong');
INSERT INTO "sales_orders" VALUES (87,'2023-04-07',19,'packaging-opptape-48mm',6,0.73,4.38,'Sam');
INSERT INTO "sales_orders" VALUES (88,'2023-04-10',5,'hardware-lbracket-2inch',10,1.25,12.5,'Alvin');
INSERT INTO "sales_orders" VALUES (89,'2023-04-10',3,'hardware-measuringTape-3m',3,3.5,10.5,'Alvin');
INSERT INTO "sales_orders" VALUES (90,'2023-04-11',22,'consumables-maskingTape-48mm',5,1.23,6.15,'Sam');
INSERT INTO "sales_orders" VALUES (91,'2023-04-11',7,'packaging-stretchfilm-3kg',4,9.55,38.2,'Zi Yong');
INSERT INTO "sales_orders" VALUES (92,'2023-04-12',1,'hardware-drillbit-10mm',14,4.5,63.0,'Alvin');
INSERT INTO "sales_orders" VALUES (93,'2023-04-12',18,'ppe-safetymask-kn95',7,0.7,4.9,'Sam');
INSERT INTO "sales_orders" VALUES (94,'2023-04-13',2,'hardware-screw-6mm',11,0.15,1.65,'Alvin');
INSERT INTO "sales_orders" VALUES (95,'2023-04-13',9,'hardware-lbracket-4inch',6,2.0,12.0,'Zi Yong');
INSERT INTO "sales_orders" VALUES (96,'2023-04-14',16,'consumables-cabletie-200mm',22,0.013,0.286,'Sam');
INSERT INTO "sales_orders" VALUES (97,'2023-04-14',5,'hardware-padlock-40mm',20,7.0,140.0,'Alvin');
INSERT INTO "sales_orders" VALUES (98,'2023-04-17',18,'ppe-safetymask-disposable',12,0.14,1.68,'Sam');
INSERT INTO "sales_orders" VALUES (99,'2023-04-17',3,'hardware-drillbit-6mm',8,3.0,24.0,'Alvin');
INSERT INTO "sales_orders" VALUES (100,'2023-04-18',7,'packaging-cartonbox-18x18',14,2.05,28.7,'Zi Yong');
INSERT INTO "sales_orders" VALUES (101,'2023-04-18',2,'hardware-screw-10mm',13,0.2,2.6,'Alvin');
INSERT INTO "sales_orders" VALUES (102,'2023-04-19',14,'hardware-measuringTape-5m',5,5.5,27.5,'Zi Yong');
INSERT INTO "sales_orders" VALUES (103,'2023-04-20',19,'packaging-nylonrope-10mm',8,6.25,50.0,'Sam');
INSERT INTO "sales_orders" VALUES (104,'2023-05-01',2,'hardware-screw-6mm',9,0.15,1.35,'Alvin');
INSERT INTO "sales_orders" VALUES (105,'2023-05-01',3,'hardware-drillbit-6mm',5,3.0,15.0,'Alvin');
INSERT INTO "sales_orders" VALUES (106,'2023-05-02',7,'packaging-cartonbox-12x12',16,1.35,21.6,'Zi Yong');
INSERT INTO "sales_orders" VALUES (107,'2023-05-02',1,'hardware-padlock-30mm',20,5.0,100.0,'Alvin');
INSERT INTO "sales_orders" VALUES (108,'2023-05-03',16,'consumables-garbagebag-L',14,1.78,24.92,'Sam');
INSERT INTO "sales_orders" VALUES (109,'2023-05-03',14,'hardware-drillbit-10mm',6,4.5,27.0,'Zi Yong');
INSERT INTO "sales_orders" VALUES (110,'2023-05-04',18,'ppe-safetyglove-nitrile-L',4,2.85,11.4,'Sam');
INSERT INTO "sales_orders" VALUES (111,'2023-05-04',2,'hardware-screw-10mm',12,0.2,2.4,'Alvin');
INSERT INTO "sales_orders" VALUES (112,'2023-05-05',8,'ppe-safetyhelmet-yellow',5,8.4,42.0,'Zi Yong');
INSERT INTO "sales_orders" VALUES (113,'2023-05-05',19,'packaging-opptape-48mm',6,0.73,4.38,'Sam');
INSERT INTO "sales_orders" VALUES (114,'2023-05-08',5,'hardware-lbracket-2inch',10,1.25,12.5,'Alvin');
INSERT INTO "sales_orders" VALUES (115,'2023-05-08',3,'hardware-measuringTape-3m',4,3.5,14.0,'Alvin');
INSERT INTO "sales_orders" VALUES (116,'2023-05-09',22,'consumables-maskingTape-48mm',5,1.23,6.15,'Sam');
INSERT INTO "sales_orders" VALUES (117,'2023-05-09',7,'packaging-stretchfilm-3kg',4,9.55,38.2,'Zi Yong');
INSERT INTO "sales_orders" VALUES (118,'2023-05-10',1,'hardware-drillbit-10mm',14,4.5,63.0,'Alvin');
INSERT INTO "sales_orders" VALUES (119,'2023-05-10',18,'ppe-safetymask-kn95',7,0.7,4.9,'Sam');
INSERT INTO "sales_orders" VALUES (120,'2023-05-11',2,'hardware-screw-6mm',11,0.15,1.65,'Alvin');
INSERT INTO "sales_orders" VALUES (121,'2023-05-11',9,'hardware-lbracket-4inch',6,2.0,12.0,'Zi Yong');
INSERT INTO "sales_orders" VALUES (122,'2023-05-12',16,'consumables-cabletie-200mm',22,0.013,0.286,'Sam');
INSERT INTO "sales_orders" VALUES (123,'2023-05-12',5,'hardware-padlock-40mm',20,7.0,140.0,'Alvin');
INSERT INTO "sales_orders" VALUES (124,'2023-05-15',18,'ppe-safetymask-disposable',12,0.14,1.68,'Sam');
INSERT INTO "sales_orders" VALUES (125,'2023-05-15',3,'hardware-drillbit-6mm',8,3.0,24.0,'Alvin');
INSERT INTO "sales_orders" VALUES (126,'2023-05-16',7,'packaging-cartonbox-18x18',14,2.05,28.7,'Zi Yong');
INSERT INTO "sales_orders" VALUES (127,'2023-05-16',2,'hardware-screw-10mm',13,0.2,2.6,'Alvin');
INSERT INTO "sales_orders" VALUES (128,'2023-05-17',14,'hardware-measuringTape-5m',5,5.5,27.5,'Zi Yong');
INSERT INTO "sales_orders" VALUES (129,'2023-06-01',2,'hardware-screw-6mm',7,0.15,1.05,'Alvin');
INSERT INTO "sales_orders" VALUES (130,'2023-06-01',3,'hardware-drillbit-6mm',4,3.0,12.0,'Alvin');
INSERT INTO "sales_orders" VALUES (131,'2023-06-02',7,'packaging-cartonbox-12x12',15,1.35,20.25,'Zi Yong');
INSERT INTO "sales_orders" VALUES (132,'2023-06-02',1,'hardware-padlock-30mm',22,5.0,110.0,'Alvin');
INSERT INTO "sales_orders" VALUES (133,'2023-06-05',16,'consumables-garbagebag-L',13,1.78,23.14,'Sam');
INSERT INTO "sales_orders" VALUES (134,'2023-06-05',14,'hardware-drillbit-10mm',5,4.5,22.5,'Zi Yong');
INSERT INTO "sales_orders" VALUES (135,'2023-06-06',18,'ppe-safetyglove-nitrile-L',4,2.85,11.4,'Sam');
INSERT INTO "sales_orders" VALUES (136,'2023-06-06',2,'hardware-screw-10mm',12,0.2,2.4,'Alvin');
INSERT INTO "sales_orders" VALUES (137,'2023-06-07',8,'ppe-safetyhelmet-yellow',5,8.4,42.0,'Zi Yong');
INSERT INTO "sales_orders" VALUES (138,'2023-06-07',19,'packaging-opptape-48mm',6,0.73,4.38,'Sam');
INSERT INTO "sales_orders" VALUES (139,'2023-06-08',5,'hardware-lbracket-2inch',11,1.25,13.75,'Alvin');
INSERT INTO "sales_orders" VALUES (140,'2023-06-08',3,'hardware-measuringTape-3m',4,3.5,14.0,'Alvin');
INSERT INTO "sales_orders" VALUES (141,'2023-06-09',22,'consumables-maskingTape-48mm',5,1.23,6.15,'Sam');
INSERT INTO "sales_orders" VALUES (142,'2023-06-09',7,'packaging-stretchfilm-3kg',4,9.55,38.2,'Zi Yong');
INSERT INTO "sales_orders" VALUES (143,'2023-06-12',1,'hardware-drillbit-10mm',14,4.5,63.0,'Alvin');
INSERT INTO "sales_orders" VALUES (144,'2023-06-12',18,'ppe-safetymask-kn95',7,0.7,4.9,'Sam');
INSERT INTO "sales_orders" VALUES (145,'2023-06-13',2,'hardware-screw-6mm',11,0.15,1.65,'Alvin');
INSERT INTO "sales_orders" VALUES (146,'2023-06-13',9,'hardware-lbracket-4inch',6,2.0,12.0,'Zi Yong');
INSERT INTO "sales_orders" VALUES (147,'2023-06-14',16,'consumables-cabletie-200mm',22,0.013,0.286,'Sam');
INSERT INTO "sales_orders" VALUES (148,'2023-06-14',5,'hardware-padlock-40mm',20,7.0,140.0,'Alvin');
INSERT INTO "sales_orders" VALUES (149,'2023-06-15',18,'ppe-safetymask-disposable',12,0.14,1.68,'Sam');
INSERT INTO "sales_orders" VALUES (150,'2023-06-15',3,'hardware-drillbit-6mm',8,3.0,24.0,'Alvin');
INSERT INTO "sales_orders" VALUES (151,'2023-06-16',7,'packaging-cartonbox-18x18',14,2.05,28.7,'Zi Yong');
INSERT INTO "sales_orders" VALUES (152,'2023-06-16',2,'hardware-screw-10mm',13,0.2,2.6,'Alvin');
INSERT INTO "sales_orders" VALUES (153,'2023-06-19',14,'hardware-measuringTape-5m',5,5.5,27.5,'Zi Yong');
INSERT INTO "sales_orders" VALUES (154,'2023-06-19',19,'packaging-nylonrope-10mm',8,6.25,50.0,'Sam');
INSERT INTO "sales_orders" VALUES (155,'2023-07-03',2,'hardware-screw-6mm',8,0.15,1.2,'Alvin');
INSERT INTO "sales_orders" VALUES (156,'2023-07-03',3,'hardware-drillbit-6mm',5,3.0,15.0,'Alvin');
INSERT INTO "sales_orders" VALUES (157,'2023-07-04',7,'packaging-cartonbox-12x12',16,1.35,21.6,'Zi Yong');
INSERT INTO "sales_orders" VALUES (158,'2023-07-04',1,'hardware-padlock-30mm',20,5.0,100.0,'Alvin');
INSERT INTO "sales_orders" VALUES (159,'2023-07-05',16,'consumables-garbagebag-L',14,1.78,24.92,'Sam');
INSERT INTO "sales_orders" VALUES (160,'2023-07-05',14,'hardware-drillbit-10mm',6,4.5,27.0,'Zi Yong');
INSERT INTO "sales_orders" VALUES (161,'2023-07-06',18,'ppe-safetyglove-nitrile-L',4,2.85,11.4,'Sam');
INSERT INTO "sales_orders" VALUES (162,'2023-07-06',2,'hardware-screw-10mm',12,0.2,2.4,'Alvin');
INSERT INTO "sales_orders" VALUES (163,'2023-07-07',8,'ppe-safetyhelmet-yellow',5,8.4,42.0,'Zi Yong');
INSERT INTO "sales_orders" VALUES (164,'2023-07-07',19,'packaging-opptape-48mm',6,0.73,4.38,'Sam');
INSERT INTO "sales_orders" VALUES (165,'2023-07-10',5,'hardware-lbracket-2inch',10,1.25,12.5,'Alvin');
INSERT INTO "sales_orders" VALUES (166,'2023-07-10',3,'hardware-measuringTape-3m',4,3.5,14.0,'Alvin');
INSERT INTO "sales_orders" VALUES (167,'2023-07-11',22,'consumables-maskingTape-48mm',5,1.23,6.15,'Sam');
INSERT INTO "sales_orders" VALUES (168,'2023-07-11',7,'packaging-stretchfilm-3kg',4,9.55,38.2,'Zi Yong');
INSERT INTO "sales_orders" VALUES (169,'2023-07-12',1,'hardware-drillbit-10mm',14,4.5,63.0,'Alvin');
INSERT INTO "sales_orders" VALUES (170,'2023-07-12',18,'ppe-safetymask-kn95',7,0.7,4.9,'Sam');
INSERT INTO "sales_orders" VALUES (171,'2023-07-13',2,'hardware-screw-6mm',11,0.15,1.65,'Alvin');
INSERT INTO "sales_orders" VALUES (172,'2023-07-13',9,'hardware-lbracket-4inch',6,2.0,12.0,'Zi Yong');
INSERT INTO "sales_orders" VALUES (173,'2023-07-14',16,'consumables-cabletie-200mm',22,0.013,0.286,'Sam');
INSERT INTO "sales_orders" VALUES (174,'2023-07-14',5,'hardware-padlock-40mm',20,7.0,140.0,'Alvin');
INSERT INTO "sales_orders" VALUES (175,'2023-07-17',18,'ppe-safetymask-disposable',12,0.14,1.68,'Sam');
INSERT INTO "sales_orders" VALUES (176,'2023-07-17',3,'hardware-drillbit-6mm',8,3.0,24.0,'Alvin');
INSERT INTO "sales_orders" VALUES (177,'2023-07-18',7,'packaging-cartonbox-18x18',14,2.05,28.7,'Zi Yong');
INSERT INTO "sales_orders" VALUES (178,'2023-07-18',2,'hardware-screw-10mm',13,0.2,2.6,'Alvin');
INSERT INTO "sales_orders" VALUES (179,'2023-07-19',14,'hardware-measuringTape-5m',5,5.5,27.5,'Zi Yong');
INSERT INTO "sales_orders" VALUES (180,'2023-07-19',19,'packaging-nylonrope-10mm',8,6.25,50.0,'Sam');
INSERT INTO "sales_orders" VALUES (181,'2023-08-01',2,'hardware-screw-6mm',7,0.15,1.05,'Alvin');
INSERT INTO "sales_orders" VALUES (182,'2023-08-01',3,'hardware-drillbit-6mm',5,3.0,15.0,'Alvin');
INSERT INTO "sales_orders" VALUES (183,'2023-08-02',7,'packaging-cartonbox-12x12',16,1.35,21.6,'Zi Yong');
INSERT INTO "sales_orders" VALUES (184,'2023-08-02',1,'hardware-padlock-30mm',20,5.0,100.0,'Alvin');
INSERT INTO "sales_orders" VALUES (185,'2023-08-03',16,'consumables-garbagebag-L',14,1.78,24.92,'Sam');
INSERT INTO "sales_orders" VALUES (186,'2023-08-03',14,'hardware-drillbit-10mm',6,4.5,27.0,'Zi Yong');
INSERT INTO "sales_orders" VALUES (187,'2023-08-04',18,'ppe-safetyglove-nitrile-L',4,2.85,11.4,'Sam');
INSERT INTO "sales_orders" VALUES (188,'2023-08-04',2,'hardware-screw-10mm',12,0.2,2.4,'Alvin');
INSERT INTO "sales_orders" VALUES (189,'2023-08-05',8,'ppe-safetyhelmet-yellow',5,8.4,42.0,'Zi Yong');
INSERT INTO "sales_orders" VALUES (190,'2023-08-05',19,'packaging-opptape-48mm',6,0.73,4.38,'Sam');
INSERT INTO "sales_orders" VALUES (191,'2023-08-08',5,'hardware-lbracket-2inch',10,1.25,12.5,'Alvin');
INSERT INTO "sales_orders" VALUES (192,'2023-08-08',3,'hardware-measuringTape-3m',4,3.5,14.0,'Alvin');
INSERT INTO "sales_orders" VALUES (193,'2023-08-09',22,'consumables-maskingTape-48mm',5,1.23,6.15,'Sam');
INSERT INTO "sales_orders" VALUES (194,'2023-08-09',7,'packaging-stretchfilm-3kg',4,9.55,38.2,'Zi Yong');
INSERT INTO "sales_orders" VALUES (195,'2023-08-10',1,'hardware-drillbit-10mm',14,4.5,63.0,'Alvin');
INSERT INTO "sales_orders" VALUES (196,'2023-08-10',18,'ppe-safetymask-kn95',7,0.7,4.9,'Sam');
INSERT INTO "sales_orders" VALUES (197,'2023-08-11',2,'hardware-screw-6mm',11,0.15,1.65,'Alvin');
INSERT INTO "sales_orders" VALUES (198,'2023-08-11',9,'hardware-lbracket-4inch',6,2.0,12.0,'Zi Yong');
INSERT INTO "sales_orders" VALUES (199,'2023-08-12',16,'consumables-cabletie-200mm',22,0.013,0.286,'Sam');
INSERT INTO "sales_orders" VALUES (200,'2023-08-12',5,'hardware-padlock-40mm',20,7.0,140.0,'Alvin');
INSERT INTO "sales_orders" VALUES (201,'2023-08-15',18,'ppe-safetymask-disposable',12,0.14,1.68,'Sam');
INSERT INTO "sales_orders" VALUES (202,'2023-08-15',3,'hardware-drillbit-6mm',8,3.0,24.0,'Alvin');
INSERT INTO "sales_orders" VALUES (203,'2023-08-16',7,'packaging-cartonbox-18x18',14,2.05,28.7,'Zi Yong');
INSERT INTO "sales_orders" VALUES (204,'2023-08-16',2,'hardware-screw-10mm',13,0.2,2.6,'Alvin');
INSERT INTO "sales_orders" VALUES (205,'2023-08-17',14,'hardware-measuringTape-5m',5,5.5,27.5,'Zi Yong');
INSERT INTO "sales_orders" VALUES (206,'2023-08-17',19,'packaging-nylonrope-10mm',8,6.25,50.0,'Sam');
INSERT INTO "sales_orders" VALUES (207,'2023-09-01',2,'hardware-screw-6mm',7,0.15,1.05,'Alvin');
INSERT INTO "sales_orders" VALUES (208,'2023-09-01',3,'hardware-drillbit-6mm',5,3.0,15.0,'Alvin');
INSERT INTO "sales_orders" VALUES (209,'2023-09-04',7,'packaging-cartonbox-12x12',16,1.35,21.6,'Zi Yong');
INSERT INTO "sales_orders" VALUES (210,'2023-09-04',1,'hardware-padlock-30mm',20,5.0,100.0,'Alvin');
INSERT INTO "sales_orders" VALUES (211,'2023-09-05',16,'consumables-garbagebag-L',14,1.78,24.92,'Sam');
INSERT INTO "sales_orders" VALUES (212,'2023-09-05',14,'hardware-drillbit-10mm',6,4.5,27.0,'Zi Yong');
INSERT INTO "sales_orders" VALUES (213,'2023-09-06',18,'ppe-safetyglove-nitrile-L',4,2.85,11.4,'Sam');
INSERT INTO "sales_orders" VALUES (214,'2023-09-06',2,'hardware-screw-10mm',12,0.2,2.4,'Alvin');
INSERT INTO "sales_orders" VALUES (215,'2023-09-07',8,'ppe-safetyhelmet-yellow',5,8.4,42.0,'Zi Yong');
INSERT INTO "sales_orders" VALUES (216,'2023-09-07',19,'packaging-opptape-48mm',6,0.73,4.38,'Sam');
INSERT INTO "sales_orders" VALUES (217,'2023-09-08',5,'hardware-lbracket-2inch',10,1.25,12.5,'Alvin');
INSERT INTO "sales_orders" VALUES (218,'2023-09-08',3,'hardware-measuringTape-3m',4,3.5,14.0,'Alvin');
INSERT INTO "sales_orders" VALUES (219,'2023-09-11',22,'consumables-maskingTape-48mm',5,1.23,6.15,'Sam');
INSERT INTO "sales_orders" VALUES (220,'2023-09-11',7,'packaging-stretchfilm-3kg',4,9.55,38.2,'Zi Yong');
INSERT INTO "sales_orders" VALUES (221,'2023-09-12',1,'hardware-drillbit-10mm',14,4.5,63.0,'Alvin');
INSERT INTO "sales_orders" VALUES (222,'2023-09-12',18,'ppe-safetymask-kn95',7,0.7,4.9,'Sam');
INSERT INTO "sales_orders" VALUES (223,'2023-09-13',2,'hardware-screw-6mm',11,0.15,1.65,'Alvin');
INSERT INTO "sales_orders" VALUES (224,'2023-09-13',9,'hardware-lbracket-4inch',6,2.0,12.0,'Zi Yong');
INSERT INTO "sales_orders" VALUES (225,'2023-09-14',16,'consumables-cabletie-200mm',22,0.013,0.286,'Sam');
INSERT INTO "sales_orders" VALUES (226,'2023-09-14',5,'hardware-padlock-40mm',20,7.0,140.0,'Alvin');
INSERT INTO "sales_orders" VALUES (227,'2023-09-15',18,'ppe-safetymask-disposable',12,0.14,1.68,'Sam');
INSERT INTO "sales_orders" VALUES (228,'2023-09-15',3,'hardware-drillbit-6mm',8,3.0,24.0,'Alvin');
INSERT INTO "sales_orders" VALUES (229,'2023-09-18',7,'packaging-cartonbox-18x18',14,2.05,28.7,'Zi Yong');
INSERT INTO "sales_orders" VALUES (230,'2023-09-18',2,'hardware-screw-10mm',13,0.2,2.6,'Alvin');
INSERT INTO "sales_orders" VALUES (231,'2023-09-19',14,'hardware-measuringTape-5m',5,5.5,27.5,'Zi Yong');
INSERT INTO "sales_orders" VALUES (232,'2023-09-19',19,'packaging-nylonrope-10mm',8,6.25,50.0,'Sam');
INSERT INTO "sales_orders" VALUES (233,'2023-10-02',2,'hardware-screw-6mm',7,0.15,1.05,'Alvin');
INSERT INTO "sales_orders" VALUES (234,'2023-10-02',3,'hardware-drillbit-6mm',5,3.0,15.0,'Alvin');
INSERT INTO "sales_orders" VALUES (235,'2023-10-03',7,'packaging-cartonbox-12x12',16,1.35,21.6,'Zi Yong');
INSERT INTO "sales_orders" VALUES (236,'2023-10-03',1,'hardware-padlock-30mm',20,5.0,100.0,'Alvin');
INSERT INTO "sales_orders" VALUES (237,'2023-10-04',16,'consumables-garbagebag-L',14,1.78,24.92,'Sam');
INSERT INTO "sales_orders" VALUES (238,'2023-10-04',14,'hardware-drillbit-10mm',6,4.5,27.0,'Zi Yong');
INSERT INTO "sales_orders" VALUES (239,'2023-10-05',18,'ppe-safetyglove-nitrile-L',4,2.85,11.4,'Sam');
INSERT INTO "sales_orders" VALUES (240,'2023-10-05',2,'hardware-screw-10mm',12,0.2,2.4,'Alvin');
INSERT INTO "sales_orders" VALUES (241,'2023-10-06',8,'ppe-safetyhelmet-yellow',5,8.4,42.0,'Zi Yong');
INSERT INTO "sales_orders" VALUES (242,'2023-10-06',19,'packaging-opptape-48mm',6,0.73,4.38,'Sam');
INSERT INTO "sales_orders" VALUES (243,'2023-10-09',5,'hardware-lbracket-2inch',10,1.25,12.5,'Alvin');
INSERT INTO "sales_orders" VALUES (244,'2023-10-09',3,'hardware-measuringTape-3m',4,3.5,14.0,'Alvin');
INSERT INTO "sales_orders" VALUES (245,'2023-10-10',22,'consumables-maskingTape-48mm',5,1.23,6.15,'Sam');
INSERT INTO "sales_orders" VALUES (246,'2023-10-10',7,'packaging-stretchfilm-3kg',4,9.55,38.2,'Zi Yong');
INSERT INTO "sales_orders" VALUES (247,'2023-10-11',1,'hardware-drillbit-10mm',14,4.5,63.0,'Alvin');
INSERT INTO "sales_orders" VALUES (248,'2023-10-11',18,'ppe-safetymask-kn95',7,0.7,4.9,'Sam');
INSERT INTO "sales_orders" VALUES (249,'2023-10-12',2,'hardware-screw-6mm',11,0.15,1.65,'Alvin');
INSERT INTO "sales_orders" VALUES (250,'2023-10-12',9,'hardware-lbracket-4inch',6,2.0,12.0,'Zi Yong');
INSERT INTO "sales_orders" VALUES (251,'2023-10-13',16,'consumables-cabletie-200mm',22,0.013,0.286,'Sam');
INSERT INTO "sales_orders" VALUES (252,'2023-10-13',5,'hardware-padlock-40mm',20,7.0,140.0,'Alvin');
INSERT INTO "sales_orders" VALUES (253,'2023-10-16',18,'ppe-safetymask-disposable',12,0.14,1.68,'Sam');
INSERT INTO "sales_orders" VALUES (254,'2023-10-16',3,'hardware-drillbit-6mm',8,3.0,24.0,'Alvin');
INSERT INTO "sales_orders" VALUES (255,'2023-10-17',7,'packaging-cartonbox-18x18',14,2.05,28.7,'Zi Yong');
INSERT INTO "sales_orders" VALUES (256,'2023-10-17',2,'hardware-screw-10mm',13,0.2,2.6,'Alvin');
INSERT INTO "sales_orders" VALUES (257,'2023-10-18',14,'hardware-measuringTape-5m',5,5.5,27.5,'Zi Yong');
INSERT INTO "sales_orders" VALUES (258,'2023-10-18',19,'packaging-nylonrope-10mm',8,6.25,50.0,'Sam');
INSERT INTO "sales_orders" VALUES (259,'2023-11-01',2,'hardware-screw-6mm',7,0.15,1.05,'Alvin');
INSERT INTO "sales_orders" VALUES (260,'2023-11-01',3,'hardware-drillbit-6mm',5,3.0,15.0,'Alvin');
INSERT INTO "sales_orders" VALUES (261,'2023-11-02',7,'packaging-cartonbox-12x12',16,1.35,21.6,'Zi Yong');
INSERT INTO "sales_orders" VALUES (262,'2023-11-02',1,'hardware-padlock-30mm',20,5.0,100.0,'Alvin');
INSERT INTO "sales_orders" VALUES (263,'2023-11-03',16,'consumables-garbagebag-L',14,1.78,24.92,'Sam');
INSERT INTO "sales_orders" VALUES (264,'2023-11-03',14,'hardware-drillbit-10mm',6,4.5,27.0,'Zi Yong');
INSERT INTO "sales_orders" VALUES (265,'2023-11-06',18,'ppe-safetyglove-nitrile-L',4,2.85,11.4,'Sam');
INSERT INTO "sales_orders" VALUES (266,'2023-11-06',2,'hardware-screw-10mm',12,0.2,2.4,'Alvin');
INSERT INTO "sales_orders" VALUES (267,'2023-11-07',8,'ppe-safetyhelmet-yellow',5,8.4,42.0,'Zi Yong');
INSERT INTO "sales_orders" VALUES (268,'2023-11-07',19,'packaging-opptape-48mm',6,0.73,4.38,'Sam');
INSERT INTO "sales_orders" VALUES (269,'2023-11-08',5,'hardware-lbracket-2inch',10,1.25,12.5,'Alvin');
INSERT INTO "sales_orders" VALUES (270,'2023-11-08',3,'hardware-measuringTape-3m',4,3.5,14.0,'Alvin');
INSERT INTO "sales_orders" VALUES (271,'2023-11-09',22,'consumables-maskingTape-48mm',5,1.23,6.15,'Sam');
INSERT INTO "sales_orders" VALUES (272,'2023-11-09',7,'packaging-stretchfilm-3kg',4,9.55,38.2,'Zi Yong');
INSERT INTO "sales_orders" VALUES (273,'2023-11-10',1,'hardware-drillbit-10mm',14,4.5,63.0,'Alvin');
INSERT INTO "sales_orders" VALUES (274,'2023-11-10',18,'ppe-safetymask-kn95',7,0.7,4.9,'Sam');
INSERT INTO "sales_orders" VALUES (275,'2023-11-13',2,'hardware-screw-6mm',11,0.15,1.65,'Alvin');
INSERT INTO "sales_orders" VALUES (276,'2023-11-13',9,'hardware-lbracket-4inch',6,2.0,12.0,'Zi Yong');
INSERT INTO "sales_orders" VALUES (277,'2023-11-14',16,'consumables-cabletie-200mm',22,0.013,0.286,'Sam');
INSERT INTO "sales_orders" VALUES (278,'2023-11-14',5,'hardware-padlock-40mm',20,7.0,140.0,'Alvin');
INSERT INTO "sales_orders" VALUES (279,'2023-11-15',18,'ppe-safetymask-disposable',12,0.14,1.68,'Sam');
INSERT INTO "sales_orders" VALUES (280,'2023-11-15',3,'hardware-drillbit-6mm',8,3.0,24.0,'Alvin');
INSERT INTO "sales_orders" VALUES (281,'2023-11-16',7,'packaging-cartonbox-18x18',14,2.05,28.7,'Zi Yong');
INSERT INTO "sales_orders" VALUES (282,'2023-11-16',2,'hardware-screw-10mm',13,0.2,2.6,'Alvin');
INSERT INTO "sales_orders" VALUES (283,'2023-11-17',14,'hardware-measuringTape-5m',5,5.5,27.5,'Zi Yong');
INSERT INTO "sales_orders" VALUES (284,'2023-11-17',19,'packaging-nylonrope-10mm',8,6.25,50.0,'Sam');
INSERT INTO "sales_orders" VALUES (285,'2023-12-01',2,'hardware-screw-6mm',7,0.15,1.05,'Alvin');
INSERT INTO "sales_orders" VALUES (286,'2023-12-01',3,'hardware-drillbit-6mm',5,3.0,15.0,'Alvin');
INSERT INTO "sales_orders" VALUES (287,'2023-12-04',7,'packaging-cartonbox-12x12',16,1.35,21.6,'Zi Yong');
INSERT INTO "sales_orders" VALUES (288,'2023-12-04',1,'hardware-padlock-30mm',20,5.0,100.0,'Alvin');
INSERT INTO "sales_orders" VALUES (289,'2023-12-05',16,'consumables-garbagebag-L',14,1.78,24.92,'Sam');
INSERT INTO "sales_orders" VALUES (290,'2023-12-05',14,'hardware-drillbit-10mm',6,4.5,27.0,'Zi Yong');
INSERT INTO "sales_orders" VALUES (291,'2023-12-06',18,'ppe-safetyglove-nitrile-L',4,2.85,11.4,'Sam');
INSERT INTO "sales_orders" VALUES (292,'2023-12-06',2,'hardware-screw-10mm',12,0.2,2.4,'Alvin');
INSERT INTO "sales_orders" VALUES (293,'2023-12-07',8,'ppe-safetyhelmet-yellow',5,8.4,42.0,'Zi Yong');
INSERT INTO "sales_orders" VALUES (294,'2023-12-07',19,'packaging-opptape-48mm',6,0.73,4.38,'Sam');
INSERT INTO "sales_orders" VALUES (295,'2023-12-08',5,'hardware-lbracket-2inch',10,1.25,12.5,'Alvin');
INSERT INTO "sales_orders" VALUES (296,'2023-12-08',3,'hardware-measuringTape-3m',4,3.5,14.0,'Alvin');
INSERT INTO "sales_orders" VALUES (297,'2023-12-11',22,'consumables-maskingTape-48mm',5,1.23,6.15,'Sam');
INSERT INTO "sales_orders" VALUES (298,'2023-12-11',7,'packaging-stretchfilm-3kg',4,9.55,38.2,'Zi Yong');
INSERT INTO "sales_orders" VALUES (299,'2023-12-12',1,'hardware-drillbit-10mm',14,4.5,63.0,'Alvin');
INSERT INTO "sales_orders" VALUES (300,'2023-12-12',18,'ppe-safetymask-kn95',7,0.7,4.9,'Sam');
INSERT INTO "sales_orders" VALUES (301,'2023-12-13',2,'hardware-screw-6mm',11,0.15,1.65,'Alvin');
INSERT INTO "sales_orders" VALUES (302,'2023-12-13',9,'hardware-lbracket-4inch',6,2.0,12.0,'Zi Yong');
INSERT INTO "sales_orders" VALUES (303,'2023-12-14',16,'consumables-cabletie-200mm',22,0.013,0.286,'Sam');
INSERT INTO "sales_orders" VALUES (304,'2023-12-14',5,'hardware-padlock-40mm',20,7.0,140.0,'Alvin');
INSERT INTO "sales_orders" VALUES (305,'2023-12-15',18,'ppe-safetymask-disposable',12,0.14,1.68,'Sam');
INSERT INTO "sales_orders" VALUES (306,'2023-12-15',3,'hardware-drillbit-6mm',8,3.0,24.0,'Alvin');
INSERT INTO "sales_orders" VALUES (307,'2023-12-18',7,'packaging-cartonbox-18x18',14,2.05,28.7,'Zi Yong');
INSERT INTO "sales_orders" VALUES (308,'2023-12-18',2,'hardware-screw-10mm',13,0.2,2.6,'Alvin');
INSERT INTO "sales_orders" VALUES (309,'2023-12-19',14,'hardware-measuringTape-5m',5,5.5,27.5,'Zi Yong');
INSERT INTO "sales_orders" VALUES (310,'2023-12-19',19,'packaging-nylonrope-10mm',8,6.25,50.0,'Sam');
COMMIT;
